id,model,orderDate
1,3003,2023-11-24
2,4003,2014-05-23
3,2002,2017-04-10
4,2008,2010-08-05
5,1006,2013-11-28
6,2007,2010-04-01
7,1005,2023-06-14
8,4003,2017-03-03
9,2008,2015-11-18
10,3003,2020-01-27
11,1005,2018-04-06
12,1002,2014-06-12
13,4003,2023-06-07
14,2009,2012-12-03
15,4002,2015-06-24
16,2007,2020-05-22
17,3003,2022-05-09
18,4003,2023-07-16
19,1005,2023-06-01
20,4002,2012-09-07
21,1001,2022-02-23
22,3003,2019-05-17
23,2006,2019-07-15
24,2007,2018-11-21
25,3004,2020-04-04
26,2007,2015-12-21
27,1001,2020-01-10
28,1005,2010-01-26
29,1001,2011-12-05
30,1001,2023-05-13
31,4003,2015-08-05
32,4003,2011-05-02
33,2002,2017-10-19
34,1005,2020-01-14
35,4002,2023-05-10
36,1007,2017-11-13
37,2004,2011-04-02
38,1006,2022-07-21
39,1005,2012-02-18
40,3006,2023-07-01
41,3004,2020-07-27
42,4002,2019-08-26
43,4003,2011-05-01
44,1005,2015-04-18
45,4002,2021-01-05
46,1005,2010-07-15
47,4004,2023-07-09
48,1001,2021-07-04
49,4002,2021-02-22
50,1001,2022-10-02
51,4004,2011-04-19
52,2003,2015-01-06
53,2006,2015-01-07
54,4002,2010-02-11
55,4003,2014-08-16
56,4004,2010-10-14
57,3006,2014-11-21
58,4002,2015-09-22
59,4004,2022-03-22
60,4002,2011-10-12
61,1006,2012-02-10
62,1001,2018-03-26
63,3003,2020-10-08
64,2006,2017-09-23
65,1006,2014-11-16
66,2001,2020-11-02
67,2007,2022-09-03
68,1005,2013-04-20
69,4002,2019-03-24
70,1005,2015-06-16
71,3006,2012-03-28
72,2001,2019-07-10
73,1006,2019-10-05
74,2006,2023-03-23
75,3004,2010-11-17
76,1001,2018-03-23
77,1001,2018-05-04
78,1001,2014-02-12
79,4003,2015-03-26
80,1006,2012-04-26
81,2010,2021-04-08
82,1004,2020-01-07
83,2007,2016-10-20
84,1006,2012-11-05
85,2002,2023-11-13
86,1008,2013-04-27
87,4003,2020-04-28
88,2002,2022-06-25
89,3006,2012-05-25
90,4002,2014-12-05
91,3006,2023-07-07
92,2010,2017-03-08
93,2001,2013-01-17
94,2002,2015-02-03
95,2004,2018-06-28
96,1001,2012-02-26
97,1008,2014-09-01
98,2002,2022-03-23
99,4003,2022-11-11
100,1006,2021-05-02
101,1001,2014-07-03
102,4002,2011-08-02
103,3006,2023-09-08
104,3003,2011-01-07
105,2010,2023-04-18
106,3004,2014-10-19
107,4001,2012-10-08
108,2005,2016-04-10
109,2001,2022-10-01
110,2003,2018-10-21
111,3002,2017-05-12
112,2008,2023-10-16
113,3004,2014-11-17
114,4003,2018-02-21
115,4004,2014-04-14
116,4002,2011-04-10
117,1002,2016-04-25
118,2004,2013-04-03
119,1006,2013-12-20
120,1001,2016-03-25
121,1007,2019-01-05
122,2001,2021-04-14
123,3002,2019-02-15
124,1006,2012-09-01
125,4002,2016-10-05
126,1001,2017-05-28
127,2006,2014-12-15
128,3002,2014-01-16
129,3002,2020-05-27
130,2001,2013-08-22
131,2003,2018-09-11
132,1005,2016-08-14
133,3006,2011-04-07
134,1005,2010-12-20
135,3004,2016-11-08
136,2007,2018-07-09
137,3002,2013-07-23
138,2006,2012-12-19
139,3006,2021-05-09
140,1006,2013-01-25
141,4004,2022-05-17
142,4004,2022-09-25
143,3003,2013-05-14
144,2001,2011-02-17
145,4004,2021-01-02
146,3004,2022-04-18
147,3001,2015-05-03
148,2002,2015-06-21
149,2006,2013-07-05
150,4001,2010-06-05
151,2006,2021-02-24
152,1006,2021-08-21
153,2003,2021-10-27
154,2007,2022-04-01
155,2006,2015-10-13
156,4002,2023-01-21
157,1001,2018-07-26
158,3003,2010-04-08
159,3002,2021-10-24
160,1005,2011-03-21
161,4002,2016-09-03
162,2002,2022-09-11
163,3003,2019-03-28
164,1003,2020-09-27
165,1005,2018-11-26
166,3003,2014-03-05
167,1006,2011-08-15
168,3003,2012-09-15
169,3006,2018-06-09
170,4003,2011-10-17
171,3003,2013-02-12
172,3004,2012-06-20
173,2006,2017-07-08
174,2002,2014-06-04
175,2001,2022-04-06
176,1001,2018-06-08
177,2007,2017-06-19
178,1001,2015-06-26
179,3006,2020-11-09
180,4001,2021-03-10
181,3006,2017-08-08
182,1001,2018-02-10
183,3003,2010-05-11
184,2005,2013-12-08
185,4004,2011-06-09
186,3006,2017-03-12
187,1002,2021-01-20
188,1001,2010-01-16
189,1005,2018-08-18
190,2001,2019-09-09
191,2005,2023-04-03
192,1005,2016-01-17
193,1003,2015-03-28
194,2001,2021-11-05
195,3006,2013-09-08
196,3003,2014-10-01
197,2007,2021-03-20
198,2001,2014-03-24
199,4002,2016-06-24
200,3003,2017-06-01
201,2007,2019-02-01
202,1005,2016-03-17
203,1005,2018-02-08
204,1006,2014-03-04
205,1006,2012-11-08
206,2001,2023-06-06
207,1005,2015-12-14
208,3003,2010-03-26
209,1006,2015-02-22
210,3002,2012-02-04
211,3006,2014-10-01
212,1008,2019-07-12
213,1008,2016-02-20
214,4002,2012-08-21
215,1007,2020-10-28
216,3006,2020-12-16
217,3006,2012-11-18
218,1001,2012-10-09
219,2006,2014-09-11
220,2003,2022-03-13
221,3006,2018-11-06
222,3006,2010-04-07
223,3003,2018-11-11
224,2003,2023-07-04
225,3003,2018-03-15
226,2007,2012-11-04
227,2001,2023-05-03
228,1002,2017-02-12
229,2009,2014-05-09
230,1004,2014-08-21
231,4004,2020-03-24
232,1005,2012-12-19
233,3002,2016-06-25
234,3003,2014-01-15
235,2001,2020-12-03
236,2010,2018-02-07
237,2002,2013-11-19
238,3003,2011-01-22
239,3006,2010-12-10
240,4004,2017-11-02
241,3003,2020-11-16
242,3003,2018-03-24
243,2002,2012-04-06
244,1003,2020-03-16
245,1004,2017-04-21
246,1006,2023-01-13
247,2003,2012-02-28
248,3003,2017-07-06
249,3003,2016-04-22
250,1001,2012-05-25
251,1008,2010-07-13
252,1001,2017-03-06
253,3003,2014-06-02
254,2008,2016-05-12
255,4002,2022-05-04
256,2007,2016-05-15
257,4002,2011-08-25
258,3002,2018-03-23
259,4004,2015-11-13
260,2003,2019-08-19
261,1001,2018-11-22
262,4002,2014-07-07
263,3003,2020-03-05
264,2001,2023-12-20
265,3004,2011-04-24
266,2001,2010-05-20
267,2002,2012-04-07
268,4002,2017-07-13
269,3006,2010-04-09
270,4001,2015-11-28
271,3003,2021-04-06
272,2003,2014-06-24
273,1008,2012-12-24
274,1005,2020-10-18
275,2002,2014-08-28
276,4004,2013-01-23
277,3004,2011-12-04
278,1006,2021-04-03
279,4004,2023-08-02
280,3006,2014-10-28
281,2002,2015-09-17
282,3006,2011-07-17
283,4002,2017-02-02
284,2004,2017-08-15
285,3004,2023-09-18
286,2002,2014-09-19
287,3006,2013-01-09
288,3003,2019-02-05
289,1006,2014-11-06
290,4004,2020-10-05
291,2001,2016-09-07
292,2010,2021-09-05
293,4002,2014-11-11
294,1005,2011-06-18
295,3005,2012-09-06
296,1001,2010-11-14
297,2010,2011-04-16
298,3004,2010-02-22
299,2003,2020-03-15
300,2005,2021-01-21
301,2002,2014-07-02
302,2001,2011-06-12
303,2007,2020-05-07
304,4003,2015-01-18
305,4002,2010-12-22
306,2007,2019-02-28
307,3005,2016-01-18
308,1001,2016-09-04
309,3006,2017-12-15
310,3006,2018-09-20
311,3003,2015-05-11
312,4003,2020-01-02
313,2007,2020-09-05
314,2007,2023-08-03
315,3004,2015-12-26
316,2002,2010-06-03
317,2009,2011-11-13
318,2006,2011-07-23
319,4002,2014-12-03
320,1001,2014-05-28
321,2001,2011-02-04
322,3006,2017-01-28
323,4004,2021-11-04
324,1001,2016-09-13
325,2002,2015-05-11
326,2004,2011-02-02
327,1005,2014-08-09
328,1005,2022-10-11
329,2009,2011-12-19
330,2007,2012-11-05
331,4004,2021-04-01
332,4004,2011-02-18
333,1006,2013-01-23
334,1004,2010-04-03
335,3006,2021-11-06
336,1006,2017-07-02
337,1006,2021-01-07
338,3004,2021-12-07
339,1006,2013-04-18
340,1001,2012-11-21
341,4004,2012-06-09
342,3003,2017-06-25
343,2007,2019-01-12
344,1005,2019-03-13
345,4002,2010-01-03
346,2007,2022-03-24
347,3003,2020-03-24
348,3003,2018-11-27
349,2007,2021-08-20
350,1001,2013-03-25
351,2002,2022-03-12
352,3003,2018-06-22
353,2001,2015-06-20
354,2002,2020-07-07
355,1001,2010-09-28
356,1006,2022-04-19
357,3006,2015-06-14
358,1005,2020-05-12
359,3006,2020-01-26
360,1005,2017-06-03
361,4001,2016-10-25
362,3004,2018-04-28
363,2004,2013-01-05
364,2001,2022-09-02
365,2001,2019-09-15
366,4004,2017-03-28
367,1006,2016-09-07
368,4003,2015-01-03
369,1003,2013-06-15
370,1006,2010-08-04
371,3004,2023-10-09
372,3003,2015-12-22
373,1005,2014-05-15
374,2006,2022-05-12
375,3001,2014-02-21
376,3002,2010-04-08
377,1005,2018-01-24
378,1006,2023-11-13
379,3005,2011-02-28
380,3003,2020-02-22
381,2009,2011-11-01
382,2001,2012-09-17
383,2009,2011-06-25
384,2006,2017-08-08
385,3006,2017-01-24
386,1005,2010-01-05
387,3004,2012-06-19
388,3004,2023-10-04
389,2010,2014-05-11
390,4004,2021-06-03
391,4004,2018-10-28
392,2001,2010-09-04
393,1006,2015-10-02
394,3002,2023-04-15
395,4003,2017-02-07
396,3001,2011-08-10
397,4004,2022-04-20
398,3005,2021-09-13
399,1001,2019-03-21
400,4004,2019-05-01
401,1005,2019-05-15
402,2009,2013-08-12
403,2002,2011-08-10
404,1006,2020-05-03
405,1008,2020-08-06
406,1001,2017-11-27
407,2002,2010-02-18
408,1001,2018-11-07
409,2010,2018-02-04
410,1006,2017-05-21
411,2003,2013-07-04
412,2007,2011-07-09
413,2006,2015-12-21
414,2003,2010-02-06
415,1008,2018-01-09
416,3001,2020-09-28
417,3003,2013-09-25
418,2007,2018-06-28
419,2004,2014-03-25
420,4002,2011-02-26
421,3003,2019-08-28
422,2009,2014-07-15
423,4002,2013-05-10
424,3006,2013-12-06
425,3003,2022-09-10
426,2001,2010-04-19
427,1001,2014-01-15
428,3003,2019-03-03
429,1005,2015-04-17
430,3004,2015-05-14
431,2006,2018-01-18
432,3002,2021-12-09
433,2001,2019-06-25
434,4002,2013-07-10
435,1006,2017-06-21
436,2002,2022-10-16
437,2002,2019-09-15
438,1006,2012-10-07
439,3004,2013-04-06
440,1007,2012-04-26
441,2003,2010-06-09
442,1006,2010-04-03
443,3003,2019-09-01
444,2006,2010-01-01
445,2006,2020-08-06
446,3006,2023-04-03
447,2006,2018-01-01
448,3006,2014-01-21
449,1005,2019-12-22
450,2001,2022-02-07
451,3002,2016-11-15
452,4004,2017-06-24
453,2001,2019-10-14
454,2002,2022-08-05
455,2009,2020-08-14
456,2009,2021-10-15
457,1003,2023-06-20
458,1006,2019-02-24
459,2007,2010-08-07
460,4004,2018-10-08
461,3004,2011-02-25
462,2001,2014-12-06
463,3006,2017-06-04
464,2008,2014-08-24
465,3006,2019-06-20
466,2001,2010-07-21
467,2002,2019-03-12
468,3006,2010-10-17
469,1005,2010-10-18
470,2007,2016-11-23
471,1006,2012-11-14
472,1006,2011-08-16
473,2002,2010-03-16
474,4003,2013-10-20
475,4003,2015-07-20
476,1006,2015-11-12
477,2002,2017-10-11
478,4003,2018-12-27
479,4003,2019-11-07
480,1006,2015-01-14
481,1005,2021-07-16
482,1006,2023-11-20
483,3004,2020-05-16
484,3004,2019-07-26
485,1001,2013-10-02
486,3003,2010-12-28
487,2001,2010-04-08
488,2006,2022-08-17
489,4004,2017-06-20
490,4004,2011-11-17
491,2006,2021-12-17
492,3003,2022-05-25
493,1005,2020-03-17
494,4001,2022-09-13
495,3004,2022-05-25
496,4003,2018-12-21
497,1001,2014-03-14
498,2007,2022-12-27
499,2007,2021-11-12
500,1005,2019-12-14
501,4004,2010-12-09
502,3006,2020-06-21
503,3004,2023-03-09
504,3001,2015-10-11
505,2001,2018-07-26
506,2010,2022-09-11
507,4003,2013-07-17
508,3001,2015-09-02
509,3003,2014-02-05
510,3003,2012-06-03
511,4004,2018-12-20
512,1006,2014-05-16
513,4002,2011-08-03
514,4002,2021-06-06
515,3006,2023-11-24
516,2001,2012-11-25
517,4003,2012-07-10
518,4004,2016-03-06
519,1007,2013-03-20
520,2002,2014-05-03
521,3002,2010-08-12
522,4004,2018-10-28
523,2004,2010-06-02
524,2009,2021-08-07
525,4004,2012-08-12
526,4003,2014-02-16
527,4004,2011-09-26
528,3006,2017-07-25
529,3006,2022-06-01
530,2004,2013-02-27
531,2001,2023-08-14
532,3006,2020-02-08
533,2001,2013-05-22
534,3006,2015-03-13
535,1001,2018-01-17
536,2010,2023-12-21
537,3002,2018-10-18
538,3004,2019-08-05
539,3003,2021-03-05
540,3006,2020-09-24
541,1005,2017-06-24
542,4002,2017-02-13
543,1006,2014-07-09
544,2001,2019-12-23
545,2003,2011-11-01
546,2002,2012-04-15
547,2006,2013-06-19
548,3002,2016-06-27
549,2002,2015-07-13
550,1005,2018-05-12
551,4002,2019-12-12
552,3003,2019-04-04
553,1007,2022-04-15
554,1002,2017-04-12
555,1006,2018-03-22
556,2001,2021-09-20
557,3004,2016-11-04
558,4002,2020-07-27
559,2001,2015-08-20
560,4004,2017-02-19
561,4002,2010-08-20
562,3002,2020-01-22
563,4004,2013-01-18
564,3006,2013-05-07
565,3003,2010-09-16
566,2001,2010-01-13
567,3004,2019-07-24
568,1005,2020-08-03
569,1001,2017-06-25
570,1007,2021-07-25
571,3004,2018-03-08
572,1002,2011-11-06
573,2002,2018-02-03
574,4002,2023-08-15
575,1001,2019-01-24
576,2001,2014-09-06
577,4003,2011-10-24
578,4004,2011-09-06
579,1005,2019-05-15
580,1006,2021-05-02
581,3006,2019-12-12
582,4002,2014-01-24
583,3002,2011-06-27
584,2001,2017-06-15
585,2006,2022-10-05
586,2007,2014-05-11
587,2001,2020-04-20
588,2007,2018-06-25
589,3002,2010-07-13
590,2006,2016-09-27
591,4003,2020-02-07
592,3003,2010-03-27
593,2005,2013-06-25
594,1005,2013-09-09
595,2004,2022-03-09
596,2001,2021-07-28
597,4004,2011-10-07
598,3006,2017-05-23
599,2007,2017-01-09
600,3003,2014-11-22
601,2006,2020-02-05
602,3003,2019-11-26
603,1002,2021-02-05
604,2002,2016-02-22
605,3003,2023-11-01
606,1006,2017-06-13
607,3002,2015-12-09
608,3002,2015-03-23
609,1002,2021-12-25
610,2008,2017-02-04
611,2010,2013-08-17
612,2001,2020-05-10
613,2001,2017-06-03
614,4004,2017-07-03
615,2007,2018-09-27
616,2006,2016-08-04
617,1005,2016-08-24
618,1003,2020-04-05
619,1006,2013-11-16
620,4004,2022-01-25
621,2001,2015-06-15
622,3002,2022-01-08
623,4004,2011-12-02
624,2009,2015-10-04
625,1005,2013-05-10
626,3004,2014-03-13
627,1006,2011-10-25
628,2007,2016-05-06
629,1001,2013-03-28
630,2003,2016-01-19
631,1003,2016-04-25
632,4001,2018-07-28
633,2001,2010-05-25
634,4004,2022-02-17
635,3004,2011-10-27
636,2006,2022-02-07
637,2002,2020-05-05
638,3006,2014-09-15
639,3003,2022-02-07
640,2002,2015-01-12
641,3004,2016-07-19
642,2008,2014-10-21
643,1005,2011-06-14
644,1002,2011-03-02
645,1008,2012-06-19
646,3004,2016-10-21
647,3003,2020-01-19
648,1006,2013-09-11
649,3003,2022-02-15
650,1005,2019-09-19
651,2006,2022-05-10
652,2002,2011-10-03
653,3006,2013-11-11
654,3006,2014-03-27
655,3004,2022-05-22
656,4002,2021-08-19
657,1002,2017-07-19
658,4004,2010-04-25
659,4002,2023-11-20
660,1006,2017-07-14
661,1002,2013-03-01
662,1007,2018-01-09
663,1006,2014-01-11
664,1005,2023-08-25
665,1005,2022-05-21
666,3004,2012-09-09
667,2009,2022-09-07
668,3006,2018-02-23
669,2001,2021-04-27
670,4003,2019-07-01
671,3002,2020-11-10
672,2007,2022-08-28
673,4002,2019-09-02
674,1005,2016-09-20
675,1001,2014-07-02
676,3004,2020-08-13
677,2006,2011-05-03
678,1004,2020-04-15
679,2006,2013-09-12
680,2007,2017-10-15
681,3003,2018-02-11
682,1005,2020-01-04
683,3006,2021-04-09
684,4002,2015-10-06
685,4004,2019-05-17
686,3002,2012-09-05
687,3004,2022-09-25
688,3003,2010-06-23
689,1005,2013-02-19
690,2009,2022-03-04
691,3003,2013-02-11
692,2003,2014-02-08
693,4002,2012-02-11
694,2006,2022-04-28
695,1007,2014-03-24
696,1006,2023-01-22
697,2006,2018-02-27
698,1001,2015-08-08
699,1001,2023-05-08
700,1001,2014-04-23
701,1006,2010-03-17
702,2007,2023-08-11
703,3002,2020-11-28
704,4003,2018-12-10
705,2010,2023-05-13
706,3003,2022-03-04
707,2006,2014-10-24
708,2009,2023-08-24
709,2001,2023-07-26
710,3006,2019-11-10
711,3003,2021-08-13
712,2002,2020-06-01
713,3003,2018-04-12
714,2003,2018-10-02
715,2009,2018-02-24
716,2006,2011-04-10
717,2001,2010-08-20
718,2001,2016-01-28
719,1006,2023-04-22
720,1004,2023-09-27
721,1001,2022-02-27
722,1001,2014-06-02
723,2002,2020-03-07
724,1006,2015-02-11
725,1006,2013-01-10
726,1006,2017-08-18
727,2005,2011-01-01
728,2002,2013-05-19
729,2004,2014-04-27
730,2001,2016-03-13
731,1001,2010-10-08
732,1008,2016-11-06
733,4004,2014-10-13
734,3002,2017-09-09
735,1006,2015-03-15
736,1001,2023-01-24
737,3002,2014-02-10
738,1007,2010-06-16
739,3004,2021-09-18
740,3006,2022-06-06
741,4004,2011-06-14
742,3006,2022-01-14
743,1005,2017-04-20
744,1006,2014-07-03
745,2009,2021-07-22
746,2002,2016-05-15
747,4002,2018-03-23
748,3006,2011-11-26
749,3003,2016-03-17
750,2009,2012-11-23
751,2006,2018-12-18
752,3006,2011-08-24
753,1006,2023-07-23
754,2005,2022-06-26
755,1006,2020-08-21
756,3003,2013-09-16
757,3006,2010-08-17
758,1005,2020-02-10
759,2004,2016-07-26
760,1005,2017-06-06
761,1001,2023-02-16
762,1001,2011-04-22
763,1005,2010-10-06
764,1001,2016-04-13
765,4002,2015-01-21
766,4004,2010-10-04
767,3003,2010-06-02
768,4002,2011-06-13
769,3004,2010-08-27
770,1001,2015-07-06
771,4003,2012-08-25
772,2006,2015-08-19
773,1002,2018-05-03
774,2009,2013-09-22
775,1001,2022-01-10
776,4002,2010-06-10
777,2003,2014-11-26
778,3006,2022-02-17
779,3001,2018-12-18
780,4002,2013-11-24
781,1001,2018-07-21
782,2009,2020-01-02
783,1005,2016-04-17
784,3004,2010-12-25
785,4004,2010-07-23
786,1001,2020-08-19
787,2002,2017-12-20
788,3006,2023-12-20
789,4002,2015-08-10
790,2009,2020-03-22
791,2006,2020-01-12
792,1006,2017-11-01
793,3004,2012-12-17
794,3004,2020-06-16
795,2007,2014-03-12
796,3004,2018-03-12
797,2006,2017-08-20
798,1005,2017-11-17
799,1004,2013-06-24
800,2003,2019-09-10
801,3006,2011-08-18
802,1001,2013-07-21
803,4003,2023-10-01
804,2001,2010-05-10
805,3002,2016-04-16
806,1001,2017-12-15
807,1006,2019-12-13
808,3006,2020-12-16
809,1008,2011-07-26
810,1004,2015-08-13
811,1006,2013-06-12
812,2002,2017-08-06
813,2007,2020-08-19
814,3004,2015-07-02
815,2007,2023-01-27
816,2001,2011-08-07
817,1006,2015-09-04
818,1005,2018-03-09
819,3003,2010-04-27
820,2008,2014-05-04
821,2007,2022-10-09
822,2006,2016-03-12
823,4002,2010-04-05
824,1005,2020-10-15
825,3003,2017-11-21
826,2008,2023-10-11
827,3006,2023-08-15
828,3004,2011-06-08
829,4004,2020-02-08
830,3004,2017-05-24
831,1006,2020-05-17
832,1002,2010-06-16
833,2001,2012-02-17
834,3004,2010-10-25
835,4003,2023-06-15
836,1001,2021-10-21
837,4004,2017-09-24
838,3003,2019-06-12
839,1001,2011-12-09
840,3004,2021-12-11
841,3003,2019-02-13
842,4002,2015-10-25
843,4004,2015-09-08
844,3006,2011-08-12
845,2001,2020-01-03
846,3003,2010-04-15
847,3003,2017-08-26
848,3006,2011-05-09
849,1003,2020-04-03
850,1006,2013-09-17
851,2003,2012-11-10
852,2009,2018-10-09
853,2006,2013-01-08
854,4003,2022-11-18
855,1003,2021-10-10
856,1005,2010-01-09
857,3003,2013-05-19
858,3005,2010-05-03
859,1005,2014-02-03
860,2001,2011-12-14
861,3003,2021-07-12
862,2006,2012-08-15
863,2001,2021-11-11
864,3003,2012-07-18
865,3003,2021-03-25
866,4002,2018-03-13
867,2008,2011-08-27
868,1005,2014-07-22
869,3006,2015-05-10
870,3006,2011-05-21
871,2001,2011-04-09
872,4002,2013-10-19
873,2002,2021-02-14
874,2002,2010-11-20
875,1005,2017-06-22
876,2009,2016-06-21
877,1008,2017-10-08
878,3002,2014-10-16
879,2001,2021-01-06
880,1007,2016-02-21
881,3006,2023-03-21
882,2002,2013-05-28
883,4004,2023-11-11
884,4001,2013-02-28
885,3006,2017-02-14
886,2010,2018-03-04
887,3003,2012-07-19
888,3002,2014-05-28
889,4004,2022-09-17
890,1006,2015-11-09
891,2006,2013-07-25
892,3003,2013-05-17
893,2007,2010-11-17
894,4004,2017-11-03
895,3002,2014-06-20
896,3003,2017-04-26
897,3003,2016-02-12
898,1005,2016-05-10
899,4002,2017-01-02
900,2006,2012-10-27
901,1006,2023-11-08
902,2004,2012-04-15
903,1007,2022-11-27
904,2005,2011-04-09
905,3003,2010-05-03
906,2006,2015-10-03
907,2002,2023-12-28
908,2003,2010-01-22
909,4002,2012-06-21
910,4002,2014-09-19
911,2001,2019-10-14
912,2001,2011-09-18
913,3003,2019-06-16
914,2009,2018-12-04
915,4002,2022-05-24
916,1006,2018-07-03
917,2008,2014-07-07
918,2009,2018-07-14
919,2006,2013-10-22
920,2006,2022-02-22
921,2002,2018-08-17
922,3003,2016-02-10
923,3003,2020-11-18
924,2002,2021-09-26
925,3002,2021-11-11
926,2007,2023-09-22
927,2002,2010-03-08
928,2003,2023-01-18
929,1006,2013-02-04
930,1001,2013-02-16
931,1001,2015-06-15
932,2002,2020-05-03
933,3004,2011-08-19
934,3002,2014-09-27
935,3004,2022-01-25
936,1005,2014-06-15
937,4003,2019-10-04
938,3004,2018-04-20
939,4004,2015-04-08
940,1006,2018-03-07
941,4004,2018-09-09
942,4003,2015-05-06
943,1003,2011-07-27
944,4004,2013-06-12
945,4004,2013-02-18
946,4002,2012-01-22
947,1001,2020-12-03
948,2010,2020-02-20
949,4004,2018-03-05
950,1006,2023-03-08
951,1001,2021-10-23
952,4004,2019-05-17
953,1004,2014-10-12
954,1005,2017-03-08
955,1003,2014-10-15
956,3001,2021-08-04
957,2002,2022-07-23
958,3002,2021-08-26
959,2001,2017-01-20
960,3003,2011-05-19
961,2009,2019-03-10
962,2006,2013-04-08
963,2009,2016-01-05
964,1005,2015-10-17
965,2006,2014-07-04
966,2009,2011-06-04
967,1005,2018-11-09
968,2002,2019-10-21
969,2006,2011-11-20
970,3006,2010-04-10
971,3001,2023-02-04
972,1005,2016-02-07
973,3002,2017-05-24
974,3002,2011-01-25
975,4002,2010-05-19
976,2001,2013-05-10
977,1001,2015-03-07
978,1006,2014-09-23
979,3003,2018-03-11
980,3005,2016-10-07
981,4004,2011-10-04
982,1003,2018-01-12
983,3004,2020-09-26
984,2001,2022-08-20
985,2008,2020-02-28
986,2002,2011-08-09
987,1005,2020-01-24
988,2002,2019-01-11
989,3002,2016-12-17
990,3002,2013-05-10
991,1008,2012-03-03
992,4003,2022-08-01
993,3002,2016-11-03
994,3003,2013-07-27
995,1008,2017-08-13
996,3003,2020-05-08
997,4003,2023-06-23
998,1001,2019-01-20
999,3003,2013-08-18
1000,4004,2015-04-21
